monthly_income,existing_emi,employment_type,loan_amount,loan_tenure,credit_history,guarantor_income,existing_debts,approved
7992.641901557799,2367.001766016012,1,541000.0,48,1,0.0,99200.0,0
17211.42890255866,3170.7209555549857,1,561400.0,12,0,0.0,58700.0,0
13711.903068982481,3930.71846729349,1,521100.0,36,1,0.0,98300.0,0
11578.535747152586,2509.941804834085,1,564100.0,60,0,0.0,34700.0,0
4496.298247078985,242.16196622781527,0,295000.0,120,1,0.0,18700.0,0
4495.912325379242,641.3672689654261,1,309600.0,360,1,0.0,33500.0,0
2929.3377946911914,983.1696482579529,1,169700.0,360,0,2492.71882070518,61800.0,0
15858.818332398963,2309.616843788149,1,359600.0,360,1,0.0,5300.0,1
11617.840187891341,4826.01188216093,1,628900.0,12,1,0.0,116900.0,0
13329.161244736728,4590.121096874766,0,535300.0,360,1,0.0,66600.0,0
2329.351908732839,381.2201708291051,1,101100.0,240,0,1323.6251716535776,18100.0,0
17518.55763459191,2432.104643892383,1,361800.0,24,1,0.0,12700.0,0
15319.082252806747,1243.732131450669,1,433800.0,12,1,0.0,79300.0,0
5397.425770852418,458.7382943242681,1,327600.0,12,1,1747.2147240547197,43300.0,0
4909.19947531361,716.3033089217599,1,208700.0,120,1,0.0,97000.0,0
4934.472157654941,521.5695215933797,1,169200.0,360,1,2892.630678139681,76300.0,1
6867.875887352604,1119.1001709890634,0,266000.0,180,0,0.0,31500.0,0
10396.102906115806,3293.7862318371785,1,666800.0,60,1,0.0,146700.0,0
8911.120298273852,1903.8182656478427,1,520800.0,24,0,0.0,51900.0,0
6659.666243168671,1887.7911931953736,1,217800.0,12,1,5071.964132127954,25400.0,0
11789.646315558071,1776.992922176517,1,287000.0,24,1,0.0,76700.0,0
4231.901770432669,982.2607450135007,1,133800.0,12,1,0.0,18400.0,0
6674.31437656349,948.4228965963257,1,452000.0,36,0,0.0,119000.0,0
7861.7894926990675,1337.7879111733325,1,388400.0,120,1,0.0,25000.0,0
9297.119747472574,4293.024028505586,0,435200.0,240,1,0.0,17400.0,0
14562.815382288218,1823.4116100738156,1,731100.0,36,1,10168.371992978899,84600.0,0
5194.780514533755,1190.516971568877,0,196200.0,360,1,4583.105693331274,25800.0,1
10227.751014617786,1014.2365730164194,1,629900.0,60,1,0.0,53500.0,0
11478.633101792679,5193.3042585185,0,531000.0,180,1,0.0,163100.0,0
2743.2066035199637,285.0967293923815,1,66700.0,240,1,2166.5297165463026,19400.0,1
11720.717630423014,1163.8912513925181,1,292700.0,36,1,0.0,73600.0,0
4728.385978996665,1716.2977881420115,1,222200.0,24,1,0.0,51700.0,0
3040.825487764472,786.267505984398,1,208500.0,24,1,0.0,42400.0,0
17182.168596053332,2842.001753800968,1,595400.0,60,1,15653.174127119253,288400.0,0
17450.11252919295,4691.340619644954,0,1133500.0,12,0,18954.3757833106,409000.0,0
14934.357569863378,2626.0557191407934,1,885000.0,24,1,10290.431852071457,19700.0,0
6873.820306773931,882.2940028879897,1,215700.0,360,1,0.0,88600.0,1
3562.753824102142,543.466514414583,0,71100.0,180,0,0.0,12200.0,0
12947.72842419451,5562.19629069272,1,304300.0,120,1,10672.792514301336,14700.0,1
9042.439899833622,2974.5282691767065,1,518500.0,360,1,0.0,53700.0,0
3952.6117575164612,901.5311520653008,1,113800.0,180,1,4359.338725272988,44600.0,1
9922.830561780323,1920.7229376874132,0,377600.0,60,1,3251.759125437154,99500.0,0
2550.2163378434943,327.42553667379764,1,115000.0,360,1,0.0,3700.0,0
16549.126433260513,2418.433036220851,0,946200.0,120,0,16266.380113966228,63200.0,0
6140.479705600271,1648.0774916142527,0,148100.0,120,1,0.0,8300.0,1
12600.356549663711,801.0776711414628,1,503300.0,48,1,4394.008527626031,142200.0,0
6987.377217430575,322.1389117397898,1,308800.0,12,1,0.0,25000.0,0
10321.088338844973,2726.4360114397255,1,487200.0,60,1,0.0,100800.0,0
10747.364469492475,1249.7916633095683,0,668400.0,360,0,6422.298925198418,109400.0,0
4957.671288408433,1563.5005541492565,1,135200.0,240,1,1890.2941464071198,7900.0,1
17513.35404423294,5823.4270248590365,1,1079200.0,240,1,0.0,4900.0,0
14402.125173777833,2814.4089273689083,1,798100.0,60,1,0.0,8100.0,0
17031.983065027023,5609.687116294484,1,817800.0,360,1,0.0,221700.0,0
16317.237606842382,5174.913837093821,0,910100.0,36,1,0.0,78100.0,0
11566.399660977362,4568.564919617464,1,465500.0,36,1,0.0,112300.0,0
16749.98776036987,2103.4577127029493,1,426700.0,12,1,0.0,51500.0,0
3415.880032830712,114.04286559038526,0,184300.0,360,1,0.0,43000.0,0
5135.725798706323,44.20648182665225,0,238000.0,120,1,0.0,2500.0,0
2723.636622568609,820.0743651805259,0,143100.0,24,1,0.0,8000.0,0
7205.285292212229,1249.1675447565233,0,261200.0,240,1,0.0,4000.0,0
8218.836635031712,616.9900090658131,1,550400.0,360,1,0.0,95600.0,0
6341.584508382334,1239.7629471755486,1,315300.0,360,0,2811.57151040777,25400.0,0
15259.800146430869,2314.2854922934853,0,345100.0,24,1,0.0,12700.0,0
7708.053227097428,1362.558304516934,0,326000.0,24,0,5100.486937672876,16900.0,0
6494.952154998092,1109.790075676009,1,382200.0,180,1,5313.828055050846,68600.0,1
10683.137330531976,3076.491252467155,1,650400.0,48,1,8814.096912188661,21700.0,0
4254.787599596202,359.9630503000274,1,190200.0,12,1,4148.368068777482,55000.0,0
14835.151692064635,2679.655169928227,1,983800.0,240,1,11258.410762719675,177000.0,1
3192.810298876333,399.02883528030605,1,103600.0,24,0,0.0,6800.0,0
17790.19098560828,4338.613290158467,0,714700.0,36,1,0.0,45200.0,0
14355.916308746519,1552.8922960158347,0,955000.0,60,1,8309.03388108222,25900.0,0
5179.4509045467585,366.9168025148653,1,343900.0,36,1,0.0,34600.0,0
2088.3538739776386,476.1978718350745,1,114900.0,180,0,848.0264152872327,6500.0,0
15047.382855277347,3122.314781405388,1,968800.0,180,1,0.0,177700.0,0
13309.717501561874,609.3584744947618,1,303400.0,24,1,5083.122545490267,83800.0,0
13664.114688655796,4895.257236375195,1,884200.0,180,1,0.0,256800.0,0
14340.325546975131,3385.1031925732455,0,506400.0,120,1,0.0,156300.0,0
3184.714427745446,458.4515734039761,1,88000.0,360,1,0.0,11100.0,1
7735.451656708362,208.82960988011766,0,239200.0,360,1,8240.335790472673,61500.0,1
3853.9049524020757,1207.2021017165387,0,156400.0,24,1,2661.753308435242,50400.0,0
15809.654814009496,3329.2814202227373,1,499000.0,180,1,0.0,28800.0,1
11972.770029240926,3222.2726942464774,1,422800.0,60,1,9952.594539916041,142200.0,0
7294.368397642387,1458.6774796773873,1,184500.0,120,1,0.0,35200.0,1
3016.933604576378,125.2649540824893,1,102600.0,12,1,0.0,16800.0,0
6975.717147450595,1050.3277452865434,0,341100.0,180,1,0.0,23100.0,0
7202.933152427952,1988.839072236311,0,301500.0,120,1,0.0,160300.0,0
13673.698853409025,706.8430976464942,1,502100.0,48,1,0.0,8900.0,0
12200.91954168341,1916.3958405301064,1,711400.0,12,0,0.0,46800.0,0
16195.403881221224,1279.9146213975032,1,1072900.0,360,1,19091.7008136327,165700.0,1
9555.438802591189,2755.233187752738,1,562500.0,48,0,10622.346399108585,116300.0,0
3913.507935012827,674.7716385634263,1,140600.0,24,1,0.0,9800.0,0
13411.91659556792,3667.981542940146,1,780600.0,240,0,0.0,354500.0,0
14172.56077787036,3779.437019525973,0,371400.0,24,1,0.0,51100.0,0
10980.43516111194,4993.631085647424,1,274900.0,60,1,0.0,6700.0,0
14335.474879272975,5856.996876612362,1,525600.0,120,1,0.0,18200.0,0
9900.729541830253,638.2695814032363,0,610000.0,240,1,0.0,5300.0,0
10363.725270111905,2603.8578524966706,1,324400.0,12,1,8050.515090080019,154700.0,0
8840.656293736794,4294.691091252829,1,189300.0,12,1,5212.126736271328,37400.0,0
2406.706027905523,568.54036678105,1,60400.0,48,1,0.0,11800.0,0
3726.262831892871,1839.9578610727417,0,239900.0,60,1,0.0,28900.0,0
2502.866970987748,389.0314401899842,1,130700.0,360,1,0.0,48700.0,1
12182.566580220486,4204.238405271581,0,385900.0,180,1,5184.584838568931,26700.0,1
7029.6956972212265,3090.1900119745005,1,337300.0,180,1,0.0,30400.0,0
10137.131058635245,988.0887559389945,0,471300.0,240,0,0.0,50900.0,0
16521.06358281749,2619.922686678019,0,882100.0,60,1,11039.860556076896,152500.0,0
5988.675666382,2741.8509173464904,1,183200.0,60,1,0.0,500.0,0
8566.126768570077,1504.1986311672538,1,554000.0,12,1,0.0,211100.0,0
14088.818216688778,4338.114193920028,0,489000.0,360,1,0.0,22400.0,1
5660.770647865959,1842.6062528332764,0,314100.0,120,1,0.0,87100.0,0
3231.6785572606877,323.2380686347109,1,61000.0,360,1,0.0,4800.0,1
6636.023246620289,2048.3353249397214,1,253000.0,36,1,0.0,57600.0,0
4579.540596064071,1153.0760575544118,1,169400.0,60,1,0.0,41600.0,0
16875.16243748117,1886.6921186925238,0,799000.0,24,1,0.0,196800.0,0
14929.92607303067,1807.2483654487432,1,327400.0,60,1,7279.015452094325,164200.0,1
12134.460104166776,5285.826145654651,0,736200.0,240,1,0.0,37400.0,0
15943.369443003483,1424.533806578505,0,474500.0,24,0,0.0,105900.0,0
14858.753230385832,4233.1274609147395,1,810700.0,240,1,9857.013825327038,145700.0,1
4985.120942176573,1082.2168202762984,1,306000.0,48,1,2427.626009106498,7300.0,0
16280.943975839644,5530.528820734479,1,787000.0,12,1,14390.274478434663,187100.0,0
10629.47587065041,3144.2618571008275,1,616600.0,60,1,0.0,110400.0,0
14919.042482625,2500.728977868508,1,801800.0,12,1,0.0,353400.0,0
16337.460798775892,1932.1666693785899,1,607700.0,180,1,17675.19671742291,8900.0,1
7088.055599549822,2895.2798020072123,1,437200.0,240,1,5549.233086155384,48900.0,0
3760.830792442828,1487.2905816090395,0,127500.0,36,1,0.0,39900.0,0
5646.962600671067,1270.0340203061842,0,275800.0,36,1,2405.9341757427683,52300.0,0
8833.7246180201,1700.6613150339372,1,514600.0,180,0,0.0,155300.0,0
15088.23625475989,1113.0553257322574,1,580300.0,48,1,9816.319720315343,160200.0,0
15771.689332101496,5352.608172561448,0,541700.0,36,1,11989.10469958616,10000.0,0
2111.2340884990513,921.5748099570196,1,90400.0,240,1,2398.7181408832635,6400.0,0
10171.956841241052,808.1854849595255,0,632400.0,36,0,11055.563241695234,147400.0,0
8678.576050380463,809.4987364580112,1,592000.0,180,0,3654.3135591060413,11900.0,0
5553.724967531683,532.5134140414757,0,263400.0,24,0,0.0,97900.0,0
3917.8458773389248,555.8399178073066,1,210500.0,12,1,0.0,6700.0,0
7401.842742458048,1448.9619240672166,1,494300.0,120,0,0.0,27800.0,0
17086.555262600305,3045.54181261537,0,398500.0,240,1,0.0,165100.0,1
7171.246912332083,491.03376955394435,1,219000.0,12,1,7978.001024252594,21900.0,0
10300.649947893857,4453.874375273857,1,579700.0,360,0,0.0,245200.0,0
13248.303342322846,1332.6605153795576,1,827800.0,36,1,0.0,134000.0,0
7818.073638068704,1441.6561348658606,1,502500.0,36,1,0.0,80800.0,0
17548.51332353537,2053.425042409523,1,709200.0,48,1,13559.420024530822,74700.0,0
17399.15671907378,6302.975540436209,0,397100.0,12,1,0.0,134300.0,0
6028.516733205826,693.5986755507045,1,251000.0,360,1,0.0,6500.0,1
9955.976094278167,2143.1795676142383,0,303300.0,36,1,0.0,46200.0,0
6814.052957068315,3296.9592917090486,0,229800.0,48,1,6597.446531954905,22200.0,0
6557.447910039482,1014.0119778078149,0,391500.0,12,0,0.0,62400.0,0
2590.1911576725247,589.1160726498807,1,57200.0,48,1,1635.6522127657947,9600.0,0
11753.02934367835,1185.6827392071116,1,736800.0,12,1,0.0,146000.0,0
10042.864371661784,1796.2879380588718,0,412700.0,60,1,0.0,80300.0,0
2823.6600199998297,784.5882120439034,0,141700.0,60,1,1975.2926779994189,2700.0,0
6458.343427785783,472.92638783323747,1,147500.0,180,1,0.0,29100.0,1
16532.25417546646,2564.720030416035,0,598800.0,240,1,0.0,31300.0,1
5832.990250671559,1387.1797725215918,0,133200.0,48,1,0.0,7900.0,0
4318.317953459569,170.05547396545734,0,302000.0,180,1,0.0,25400.0,0
9831.244164441008,2613.3728555295456,1,605500.0,48,1,0.0,33900.0,0
17770.40726576961,3839.4812943119414,1,760900.0,36,1,0.0,14300.0,0
5872.884344184007,743.0546147996415,1,176600.0,120,1,0.0,15000.0,1
12754.168758494057,2512.3000569088003,1,872500.0,48,1,0.0,259800.0,0
14185.913845259482,6115.394186393367,1,519300.0,36,1,5202.587370394541,102300.0,0
5802.200703878394,348.74998202525757,1,154900.0,360,1,6395.815072375544,17300.0,1
13651.461577789752,2709.491033212536,1,660900.0,60,0,0.0,312100.0,0
7884.5301235080515,2298.5185487170706,1,543700.0,180,1,0.0,276100.0,0
12116.893289497271,1298.055801156252,0,220600.0,120,1,0.0,29600.0,1
12136.475372174315,1811.853062744553,0,374500.0,60,0,0.0,44800.0,0
10572.394945196136,3601.0919731795843,1,726100.0,180,1,0.0,183700.0,0
3444.636320870533,601.7038867739976,1,93800.0,120,1,0.0,11300.0,0
15364.839929427808,1546.4811910584872,1,370500.0,24,1,0.0,91500.0,0
7132.481039547773,567.1833808202565,1,348000.0,36,1,0.0,49600.0,0
4984.296166397668,1481.4542536086121,1,321700.0,24,1,0.0,8700.0,0
2652.402264876223,1345.6943127114196,0,116100.0,36,1,1827.2543972288304,41300.0,0
11454.287091011869,2705.6698922553996,1,821300.0,12,1,0.0,200100.0,0
12841.029789476519,3622.485935529495,1,702100.0,240,0,9008.019333418546,66500.0,0
2265.4052628456984,297.51551718530317,1,49800.0,120,1,1831.2097217510673,4700.0,1
10193.488932788496,820.852100151907,1,730000.0,24,1,0.0,79500.0,0
5623.932403167008,367.91374947792906,1,225100.0,240,1,0.0,1000.0,1
12322.764646551197,3377.8689702608935,0,413100.0,120,0,0.0,79600.0,0
4789.862864079863,1749.2614613945339,1,230500.0,180,1,0.0,3500.0,0
13055.003809639455,2025.0057085255057,0,449500.0,12,1,0.0,38800.0,0
8187.765540808598,1077.3471039628923,1,185600.0,180,1,3482.003047853019,7400.0,1
16987.67981978775,1427.4221059309318,1,307100.0,36,1,0.0,8100.0,0
4200.335106335891,1388.0020302339967,1,177600.0,240,0,0.0,4600.0,0
7457.061616804136,1356.5213053291343,1,471200.0,120,1,6965.845795403379,153400.0,0
3815.576339849425,610.1781498294702,1,186600.0,48,1,1485.3087738818901,54300.0,0
16795.097892457004,2819.2687567916355,1,1208500.0,240,1,0.0,71500.0,0
16037.429654095697,5300.721959643634,1,537100.0,360,0,7914.797293312159,44900.0,0
6127.06604344249,900.3594227104131,1,203100.0,24,1,0.0,8000.0,0
12559.744736546865,2440.356395648518,1,334400.0,120,1,0.0,146700.0,1
15075.555203219454,4420.504719037536,1,404900.0,60,0,0.0,38800.0,0
10883.212985591397,2956.061675772279,0,363500.0,60,1,0.0,23800.0,0
10474.409253696103,3472.141381524665,1,637000.0,36,0,11391.2455883499,111000.0,0
5869.636654407227,605.5366224829125,1,392700.0,240,1,0.0,66600.0,0
3489.644284894387,853.68735902762,0,246600.0,240,1,0.0,60600.0,0
16355.452127253227,3912.686844906879,0,499600.0,60,0,0.0,20000.0,0
16406.68891461329,3328.4657640880696,0,1076100.0,240,0,0.0,344200.0,0
12129.623316372286,4326.2898957479365,1,433300.0,240,1,0.0,65300.0,0
7424.476656779211,2821.197879850445,1,178900.0,36,0,0.0,35700.0,0
7587.353193802574,613.3988024826245,1,493000.0,24,1,7272.336255395992,5900.0,0
13615.29086192383,1427.4679775546947,0,712800.0,360,1,0.0,25300.0,1
16353.764159241233,7071.868791835771,1,439800.0,24,1,0.0,29900.0,0
16193.382788241877,1645.2997600730905,0,667300.0,360,1,0.0,116600.0,1
14478.008733721981,444.2681515462315,1,485200.0,48,0,0.0,61100.0,0
12272.506338468604,708.4003064889027,1,709200.0,24,1,0.0,136500.0,0
3346.2394399207815,792.8548832821676,0,142200.0,12,0,1736.6036884790674,62200.0,0
4586.05942551382,1207.4593517035823,1,327500.0,48,1,4369.922622110149,85200.0,0
16376.867016433267,1580.2928037354443,0,343200.0,360,1,0.0,6000.0,1
11702.864954553439,2396.703678223286,1,435000.0,360,1,0.0,87700.0,1
2147.152825866074,162.42283943478645,1,94500.0,48,0,1017.1352519733325,11500.0,0
3623.5446858565138,636.2674990311609,1,163700.0,360,1,0.0,10100.0,1
12616.028305728893,569.4479026350413,0,442300.0,120,1,0.0,4700.0,1
2080.985341539499,432.2976198149534,0,119400.0,12,1,0.0,22800.0,0
4572.928822679978,1371.3969878071225,1,298300.0,120,1,3338.7026265795566,20700.0,0
10779.740629865379,3575.2172219602107,0,740500.0,360,1,0.0,445000.0,0
13070.323163083092,2863.1288987608273,1,803500.0,24,1,8281.874227659358,159700.0,0
12431.38015204161,3457.818807105727,1,794800.0,120,1,5792.170534918897,94400.0,0
5588.3089513689565,594.8309713595752,0,266700.0,24,1,0.0,4800.0,0
13394.867541560574,1338.8525191144543,0,838500.0,48,1,6016.627758113366,33000.0,0
5795.9853999488005,1148.4830843008874,1,199300.0,240,1,6861.520286175938,23500.0,1
7206.395170548283,1282.502110648335,1,284800.0,180,1,0.0,159400.0,1
13943.862481888385,1916.5535971767447,1,489600.0,360,1,0.0,58800.0,1
12394.126384755435,4830.163886300676,1,535900.0,180,1,0.0,4800.0,0
15587.574567906848,129.8545195090184,1,521000.0,12,1,0.0,43400.0,0
12521.806276805493,2008.2754541128604,0,875600.0,24,0,0.0,96700.0,0
11092.937653367546,590.4997556956112,1,387100.0,120,1,0.0,20000.0,1
3498.7962852494793,1341.2752258402177,1,81500.0,180,1,0.0,11100.0,0
7883.452848950937,1864.366394022766,0,366200.0,36,1,4402.8399405829505,6100.0,0
6243.237882907607,848.9484834999078,0,131600.0,360,1,0.0,40700.0,1
5903.834294065337,464.3335217892458,0,141500.0,180,1,0.0,29400.0,1
17568.16887603913,3891.6886556591703,0,524400.0,120,1,0.0,78800.0,1
8289.563594668167,545.9826826765736,1,357100.0,120,1,0.0,24900.0,0
16272.744882833813,4026.216038878756,1,673600.0,12,1,0.0,55100.0,0
12098.218015956207,5503.081559992047,0,740200.0,60,1,0.0,214100.0,0
14716.980856666374,6006.072047327086,1,852600.0,36,1,0.0,4200.0,0
10042.193489683073,945.9940508903182,1,411900.0,180,1,5202.791730500997,231600.0,1
11230.462154021745,4593.865553873341,1,404500.0,36,1,10229.80984079308,196400.0,0
9880.283101101822,325.39775068741,1,346700.0,60,1,0.0,51000.0,0
5123.887804768712,796.1822110596195,0,306400.0,180,1,3884.435233634893,65300.0,1
13559.233844184086,1335.4461446941611,1,282200.0,36,1,14902.09024197704,49400.0,1
6492.357799053692,185.066470251637,1,121400.0,24,1,0.0,6100.0,0
2389.0554629032613,734.2754143081746,0,145600.0,120,1,1565.2283006224732,1900.0,0
12327.556734514685,4125.690842018339,0,539500.0,240,1,7830.735799009554,53900.0,1
4833.7708705127825,1609.0382147530293,0,121200.0,48,1,0.0,7300.0,0
17047.33734964663,3135.8957057923126,0,523700.0,360,1,0.0,93900.0,1
17262.8572320414,3924.49627190956,1,1180000.0,240,1,0.0,425300.0,0
16637.830243527176,7560.452730502702,1,1071700.0,180,0,0.0,65600.0,0
7922.53920408711,1317.375965261095,1,446300.0,180,1,8454.369867386682,53400.0,1
2247.3058644618786,500.94073698103205,1,99000.0,36,1,0.0,2800.0,0
16853.097001403607,2309.7100321155485,1,776900.0,120,1,14316.062917992193,36900.0,1
8850.94637307703,3126.308583967225,1,625400.0,60,1,5556.464819386803,143600.0,0
17466.477104698715,5985.876202471446,1,1225300.0,12,1,8540.035709734755,4500.0,0
17417.919633428046,4259.197253265581,0,516000.0,36,1,17392.431603122808,99800.0,0
15648.151287477762,2871.341962947094,1,967100.0,12,0,0.0,209100.0,0
6711.182273113371,1540.6837893117893,1,192300.0,48,0,0.0,57400.0,0
8161.563657630804,1860.5678487130076,0,241000.0,36,1,3882.1061377915785,111500.0,0
15618.186744269711,729.4778874695895,1,851300.0,48,1,0.0,39600.0,0
7070.752082500443,1612.57460007249,1,281900.0,360,1,0.0,52900.0,1
4711.883946977479,1905.7087033691112,1,321800.0,36,1,2384.6301223253304,31700.0,0
10908.820199333602,1120.8290647664417,1,248800.0,120,0,8443.18724574988,3900.0,0
16978.476386572496,3880.674846210916,1,774600.0,120,1,0.0,8500.0,0
13136.476746799568,2502.139931458856,1,888000.0,180,1,10793.583613953415,86900.0,0
11120.97872142984,1771.3464931509136,1,743100.0,360,0,12115.632500612317,83700.0,0
3554.8239003322965,1157.5639149083706,1,94000.0,180,0,0.0,4000.0,0
11840.115627186717,1488.4009717184415,1,447500.0,12,0,0.0,72500.0,0
17840.861601668214,5305.2077707658,1,917600.0,240,0,5598.990917925721,274800.0,0
4241.344243784384,969.2382368202086,1,112900.0,60,1,0.0,48900.0,0
10293.274437819788,633.766164710546,1,723300.0,360,0,0.0,12200.0,0
16037.969150847288,2171.6481620792265,1,1080900.0,60,1,0.0,80000.0,0
13852.297884067271,2675.739863386744,0,374200.0,60,0,12275.940949393702,5900.0,0
13152.251855924287,1479.070722603702,0,322800.0,24,1,0.0,50300.0,0
13239.745343793747,2557.558544571906,0,299400.0,36,1,0.0,30300.0,0
7751.858419516083,1361.196277364478,1,520200.0,360,1,0.0,46300.0,0
6697.469508231894,898.2490215133406,0,190600.0,180,1,6533.191180791536,94700.0,1
14949.778487656218,1207.3724411244366,0,605200.0,12,1,0.0,112100.0,0
14961.814314866891,3941.8852361319273,1,632000.0,36,1,0.0,148000.0,0
15873.157097281659,74.78079606898223,1,799200.0,24,0,5445.747483077397,125000.0,0
16611.84884090354,2759.896092734697,1,363400.0,12,1,0.0,127700.0,0
10181.478381775005,2895.5081982617817,0,307900.0,360,1,9514.907886678771,35100.0,1
10024.260714995195,3053.501476117611,1,684700.0,240,1,5054.066498325784,18700.0,0
14772.722863468403,2318.393940835128,1,990600.0,60,0,15005.516457767053,13700.0,0
12399.422892444243,5716.783223492366,1,746300.0,24,1,0.0,305000.0,0
13231.470036123254,900.2858457634974,1,252000.0,12,1,10966.316395151358,3900.0,0
14732.682710977617,2557.234207882704,1,525300.0,180,0,9107.655595933249,71400.0,0
16240.085469081061,2681.2455952696437,0,843000.0,24,1,11923.57344303018,113100.0,0
7407.922509624573,413.31194388831744,0,243400.0,12,0,0.0,25700.0,0
8009.327242239105,1576.409367240941,0,537600.0,24,1,5808.4914845856965,16700.0,0
3503.7110374539043,631.7373654616719,1,183000.0,180,1,0.0,73400.0,0
11252.482255938783,823.2724214396135,1,246200.0,180,1,0.0,6600.0,1
2575.0763807478734,576.9656039521903,1,172800.0,120,1,0.0,38000.0,0
9449.568290119361,404.2255635153442,0,658800.0,60,1,4654.294188163662,245100.0,0
10682.314155321226,2923.440612721338,1,237100.0,36,0,0.0,8500.0,0
6584.66003405255,822.5841217017224,1,307800.0,36,1,0.0,46900.0,0
11453.332169104173,5721.668456117034,1,393800.0,360,1,11155.84190406325,221400.0,1
2488.003999024791,272.76721235479556,1,97600.0,48,1,0.0,9700.0,0
2597.5710199874306,463.33609632864324,0,72000.0,360,1,1252.602743848634,14000.0,1
15161.608970554533,3601.8740804701306,1,746200.0,48,0,0.0,240500.0,0
7763.050262580206,1066.3570327596187,1,541300.0,24,1,0.0,74100.0,0
4032.9682024301565,1193.1922395713277,0,182200.0,48,1,4538.22198411527,17700.0,0
10355.89216087687,2054.586740289545,0,232800.0,120,1,9694.034186072777,83400.0,1
14319.896849577774,388.6527802847731,1,737200.0,120,1,0.0,35900.0,0
5453.1364399494905,317.86083200826897,1,198300.0,60,1,2053.3199552813085,20400.0,0
11966.247613104004,3847.454847515482,1,768500.0,12,1,0.0,31200.0,0
3365.559439900288,691.6932628801677,0,139600.0,36,1,0.0,8900.0,0
2826.907538697723,445.07837736060327,1,80300.0,60,0,0.0,700.0,0
10501.674105090367,2088.4851382425895,1,297400.0,120,1,0.0,71200.0,1
10650.161945761703,618.5682086897193,1,633800.0,12,1,0.0,48000.0,0
12198.878423971304,1807.4232253340044,1,394500.0,360,0,0.0,44000.0,0
13617.461339562586,2660.9707669713275,0,809300.0,36,0,0.0,44700.0,0
17613.633271400555,9144.089140066206,1,512900.0,36,1,0.0,12900.0,0
10260.805572819125,1527.7646089010316,1,362900.0,24,1,0.0,138500.0,0
7167.303567059936,1091.756837201598,1,309200.0,240,1,0.0,104400.0,1
14722.979116299259,2899.782790919813,1,1014900.0,36,0,9829.629901096567,10000.0,0
6333.316020193188,1165.7835584392524,1,432700.0,120,1,3887.595394436363,1000.0,0
9023.542731290177,1356.13139005951,1,263200.0,24,0,0.0,900.0,0
3255.3021014762553,1057.8156344628055,1,121600.0,180,1,1260.6360953857911,1800.0,1
2405.6118946473202,353.8881558663236,1,62700.0,48,1,1482.0862244346315,1000.0,0
17402.3746348468,5650.133995297582,1,792500.0,360,1,0.0,32500.0,0
15375.681928195294,2499.386430809924,1,659200.0,360,1,0.0,8700.0,1
13135.587297499167,3899.440147096232,1,875400.0,180,1,15081.088057573572,54800.0,0
8543.24711062832,1926.844281097616,1,582800.0,240,1,0.0,64600.0,0
4772.709121133532,759.2648853227878,0,184800.0,36,1,1812.2518542914493,13700.0,0
4502.9926827373765,280.2791426989372,1,200600.0,60,1,2531.3360375812517,8800.0,0
6003.886370633525,2813.885139755747,0,398600.0,24,1,3813.4320660921276,45200.0,0
10787.626635297927,1666.9686294359904,1,664100.0,180,0,10774.16617769358,134400.0,0
13433.534763200998,2892.209732968086,1,244500.0,240,0,0.0,40800.0,0
12563.1580274837,1417.233093230475,1,443300.0,360,1,0.0,31300.0,1
6478.942351135085,799.8344444238353,1,264200.0,180,1,6360.758930554212,29700.0,1
17277.844490611104,5251.7414383193645,1,525300.0,240,1,0.0,225700.0,1
13806.350667132296,5353.618650080658,1,397300.0,360,1,14495.128947286232,63200.0,1
10869.664840182411,2979.2948510811825,0,217800.0,120,1,10163.765150484702,5800.0,1
11787.531939749635,2080.100264192091,1,621700.0,24,1,9661.150205237025,120900.0,0
8713.600998844639,2357.762484314894,0,280400.0,24,1,0.0,78400.0,0
5963.6958320185195,808.4601129152187,1,124200.0,48,1,0.0,4600.0,0
7695.562858420185,1526.1208354928676,1,234500.0,360,1,0.0,76000.0,1
14125.537767429905,1244.134525510725,1,865900.0,180,1,0.0,71100.0,0
2230.295818076094,193.83775194857122,0,142700.0,24,0,1660.7643114922091,1200.0,0
3857.1622481106597,1002.9744431730473,0,170000.0,240,1,1348.8336852319349,30600.0,1
2736.042272348044,637.1917320146304,1,110700.0,180,0,3171.548413894513,8500.0,0
2651.660837103522,602.9059790915796,1,187700.0,360,0,0.0,36500.0,0
15687.369344176115,2572.1631500157346,1,452300.0,240,1,0.0,151100.0,1
13258.525750080378,2679.505938582277,1,392800.0,36,1,10018.247229774837,19100.0,0
9586.781265397203,1046.3931717336873,1,323700.0,12,1,0.0,133900.0,0
3565.3465704160235,93.37465746571795,0,97400.0,24,1,0.0,3100.0,0
9865.854001869317,1990.555631531246,1,379700.0,24,1,10523.444030864068,106100.0,0
9575.548332489052,525.634592109121,1,643300.0,48,1,7390.715914347078,87200.0,0
4771.229918560242,1405.7059616799913,0,244400.0,120,1,0.0,39000.0,0
8941.62638780757,3197.913484316944,1,359900.0,48,1,3661.2437201421803,2500.0,0
8376.075750357975,3961.1876432085837,0,573400.0,360,1,0.0,95400.0,0
11853.601568835464,2230.9287249134063,1,244400.0,48,1,6281.051036290234,37000.0,1
12161.4984138823,1326.0752091583176,0,357000.0,120,1,0.0,23000.0,1
2724.864156352712,585.1666484972844,1,132300.0,120,0,0.0,8100.0,0
7993.801834023539,1248.7093517194812,0,409600.0,12,1,6534.598409998675,11600.0,0
12013.758651427783,2106.3210736405504,1,241900.0,240,1,0.0,36300.0,1
10050.180137281404,3463.9097840564405,1,399600.0,36,1,8902.358649123604,64100.0,0
15703.837459013157,2441.5421316286433,1,833200.0,120,0,11428.026023541319,212900.0,0
12539.09810590312,1846.672074870311,1,698400.0,36,1,13406.136695815383,130600.0,0
4606.950833302875,407.598541327645,1,241700.0,24,1,3336.4979871493656,34100.0,0
3129.0999584068777,562.6898422170211,0,110500.0,60,1,0.0,8400.0,0
12278.70845130105,4451.458819571779,1,283000.0,12,1,6905.780065704022,26500.0,0
2424.180968665949,298.8453363029723,0,99500.0,360,0,0.0,1400.0,0
11372.409300375413,3705.9799710925045,1,283800.0,180,1,0.0,33600.0,1
17043.68386279932,2883.292983001592,1,1178900.0,36,1,14123.65167194682,59400.0,0
11207.586846014063,3683.517981293925,1,489300.0,48,1,0.0,79500.0,0
8210.718819304351,2394.578464274661,1,288500.0,120,1,0.0,27000.0,0
12292.61149507765,938.065689250361,0,729900.0,36,0,0.0,234500.0,0
9332.046247864266,2918.5128811073764,0,418900.0,180,1,7007.175698695789,43000.0,1
10729.86862905496,613.0303872243824,0,372800.0,120,1,6839.948905626765,94900.0,1
17063.436940424403,1146.1255689448885,1,1055300.0,360,0,0.0,336000.0,0
8177.642204812388,1103.5630984665409,0,530100.0,60,1,0.0,177500.0,0
17379.049021182625,7208.373941583085,0,944400.0,48,1,9602.466712809286,84700.0,0
16485.61027129702,4096.854565833003,1,338500.0,36,0,0.0,15800.0,0
5132.658156628743,450.70986836419615,1,249400.0,12,1,0.0,11200.0,0
3109.7808140026473,124.0226443367613,1,184200.0,36,0,0.0,3700.0,0
3612.4480220388264,985.2760015149914,1,91700.0,36,1,0.0,25800.0,0
2291.5492104247955,461.5490299538535,0,69500.0,180,1,0.0,1000.0,0
3511.0873720948543,782.2871741844801,1,230500.0,180,1,4053.8442259314056,46900.0,1
12928.10837466171,3142.194626066472,1,246800.0,12,1,0.0,101300.0,0
3139.018375363664,1129.8343914372444,0,184100.0,36,1,1247.2304028048363,34200.0,0
7103.610084700181,1244.919801859378,0,309600.0,240,1,5369.2713610488445,9400.0,1
15518.004975511272,5147.252557289043,1,653700.0,360,0,5853.852276758962,141100.0,0
2372.350971773214,234.3923994452805,1,43600.0,180,1,0.0,3300.0,1
15031.495721422973,594.4380538341474,0,935700.0,180,1,0.0,261500.0,0
6509.676396374399,1937.090136575767,1,243700.0,240,1,0.0,19400.0,0
3890.6372419465,301.6045671871454,1,183600.0,120,1,3005.87582402682,66500.0,1
13147.79464582641,2821.9472549161387,1,717500.0,36,1,0.0,31400.0,0
12063.085548478144,4714.67476853638,1,674800.0,12,1,0.0,4500.0,0
16039.552216432847,731.6598725207612,1,1116700.0,180,0,0.0,226900.0,0
13761.136700862173,3022.904931981991,1,642500.0,12,1,0.0,66300.0,0
14855.694886157577,581.2921148848986,1,588100.0,12,0,0.0,16800.0,0
6512.553161140904,1144.9315583219145,1,452600.0,360,1,0.0,27800.0,0
4839.032700475565,49.418626068759814,1,254900.0,180,0,0.0,35700.0,0
14009.836026253734,800.7004469741996,1,477700.0,48,0,0.0,19700.0,0
14909.355828276224,1650.1495306965091,1,370200.0,120,1,0.0,22700.0,1
17848.082272010775,644.2402152738722,1,1133300.0,12,1,6964.476808774896,231000.0,0
8601.882830582825,2094.7714751484714,0,323100.0,180,1,0.0,85000.0,0
7952.2893726845305,1812.6417567538501,1,426800.0,120,1,0.0,75600.0,0
14422.607371871949,6106.161241862647,1,626300.0,48,1,0.0,15700.0,0
7452.8566440482855,543.3657605205088,1,214200.0,180,0,0.0,11600.0,0
16892.117209657037,2440.3881056362698,0,852900.0,36,1,14192.457760417425,291500.0,0
15734.60402948819,815.6461254664754,1,334800.0,12,1,0.0,43100.0,0
8863.904438000292,1048.5052641327463,1,357400.0,48,1,8199.889648841916,51900.0,0
14013.937084663958,6531.356386219729,0,665900.0,36,1,4903.974751413143,7400.0,0
14072.685985354918,3974.071034867608,1,584700.0,12,1,7825.631388202384,205300.0,0
3649.981901374922,271.93998548739825,0,213300.0,24,1,0.0,54600.0,0
16440.846506873066,345.09834632770327,0,1031000.0,60,0,0.0,185600.0,0
10084.037959165715,187.85693952900817,1,601500.0,240,1,10789.288944368154,14200.0,1
15223.319457723866,3663.66369332225,1,305900.0,12,1,0.0,110400.0,0
7120.793616489788,778.7027634838439,1,202800.0,48,1,7484.016706935346,94900.0,1
16328.371655939207,9526.254722115507,0,767100.0,48,1,10200.489888550717,181300.0,0
8227.22685974661,1172.4516446967498,1,563400.0,60,0,7001.272622033051,25000.0,0
2173.4024236847736,260.9294928913064,0,137100.0,180,0,0.0,9500.0,0
16486.111622708217,835.5120548017987,0,1046800.0,240,1,5927.611925876389,184700.0,1
3460.586828578137,1109.080403949283,0,119000.0,120,1,1710.7216627304492,6800.0,0
7109.018201446638,1015.4895979535162,1,292800.0,12,0,2950.729067207616,6200.0,0
17200.99147281288,2494.14886525154,1,746800.0,180,1,0.0,48100.0,1
17209.714351000897,3374.004714666788,1,456000.0,36,1,0.0,67300.0,0
11175.006209972578,1763.1549843314801,1,219900.0,120,1,0.0,48100.0,1
12109.395394716788,3072.407368287539,0,837200.0,240,1,0.0,185300.0,0
9175.128351653117,551.8694826620288,1,284400.0,180,1,0.0,12600.0,1
6691.372347169033,883.6091440595304,1,207100.0,120,1,5673.497464743452,21400.0,1
7258.6327259186555,919.7280896387524,1,163300.0,360,1,0.0,57500.0,1
12760.295297232615,3522.8728872587126,0,869500.0,360,1,9269.430579139686,200800.0,0
14037.99247100288,4915.662607497523,1,692200.0,12,1,0.0,268200.0,0
14665.264699613577,1247.2117934384592,1,792200.0,12,1,0.0,93900.0,0
14633.890284712863,4457.121501927507,1,983800.0,12,1,0.0,325200.0,0
3459.2976487790456,187.80402392320224,1,126800.0,240,1,0.0,30400.0,1
9910.724875241303,1735.597511433814,0,511000.0,180,1,8782.764539034119,111000.0,1
2920.9401602663083,510.0176277350533,1,58700.0,36,1,0.0,21300.0,0
10792.462117179768,3787.6073067845846,0,303100.0,24,1,11883.619134850658,58000.0,0
9064.488021974033,2424.7456519300013,1,570000.0,48,0,0.0,190800.0,0
16203.266924132797,1036.555591247709,1,962600.0,36,1,5979.890756205779,2700.0,0
7614.640200833259,2086.6417304187116,0,281200.0,180,1,0.0,67200.0,0
3873.072262841694,836.3771999558251,1,148500.0,240,1,0.0,15000.0,1
4287.866912845374,1797.513009216,1,200700.0,120,1,0.0,58500.0,0
14184.170107479556,1703.0771160424074,0,255500.0,36,1,0.0,108300.0,0
11891.489013060176,1790.5915106299335,1,369000.0,120,1,0.0,40200.0,1
3617.962817964644,1525.2502875938837,0,105800.0,24,0,3022.5344845357513,15800.0,0
3345.708897839959,1185.7838474484201,1,105500.0,180,1,1981.802892148802,35200.0,1
13215.50610334592,878.3033914952748,1,813000.0,180,1,4266.419180570547,49200.0,1
3164.2081018270965,581.4187032459902,1,104700.0,48,0,0.0,67300.0,0
15149.760948645699,3523.5235052901894,1,429400.0,240,1,0.0,229600.0,1
13299.87563450394,3524.585188457393,1,601600.0,48,1,0.0,109900.0,0
3301.5804902703962,232.8445657890985,1,213800.0,180,0,2239.334057642339,3400.0,0
3357.4034253630707,1408.1440410455223,0,104200.0,48,0,2750.9546319414058,27600.0,0
17786.233256018808,687.8521211473231,1,395600.0,60,1,19309.69274244563,126700.0,1
7988.332732097925,687.5368741951694,1,297500.0,180,1,8605.516917426727,24900.0,1
7930.274353070255,3145.046043620354,0,462900.0,36,1,0.0,5300.0,0
15004.79307612004,2844.956897126463,1,716300.0,60,0,0.0,53600.0,0
17155.97723814174,3182.240282810426,1,1065500.0,36,1,0.0,264900.0,0
17776.017021165935,3011.176091283925,1,1241100.0,60,1,0.0,54700.0,0
14054.050964143065,1258.6168945214865,0,854500.0,36,1,0.0,306900.0,0
8020.153368494653,377.96734453504297,0,405900.0,180,0,0.0,120600.0,0
3336.0114671787005,732.254166192285,0,148900.0,12,1,1595.593517469628,9200.0,0
14434.350654838989,3255.164518676857,1,291100.0,360,1,4665.563940024269,53300.0,1
10934.46799577288,2486.00117204032,0,778000.0,360,1,3479.916050435335,223100.0,0
8787.552147951621,920.5370202672761,1,340100.0,60,1,7558.031426967139,500.0,0
16501.670161515776,1217.5372853908932,0,432700.0,360,1,0.0,2300.0,1
3779.1597168984217,619.4348766750242,1,204100.0,120,1,0.0,3400.0,0
9882.001668653746,4637.095917508728,1,329600.0,60,1,5810.714717350437,99500.0,0
2181.658316278705,387.4057179203688,1,108300.0,36,1,0.0,800.0,0
9498.570271906021,1361.129955133863,0,471900.0,240,1,0.0,1900.0,1
2900.852410909398,480.6838044600741,1,122000.0,48,1,0.0,20300.0,0
3901.086660289151,700.3973830366109,0,246400.0,36,1,0.0,113900.0,0
3880.419948433678,1535.377348055569,1,125400.0,120,1,0.0,26000.0,0
12387.364833857016,3255.841949220286,1,523100.0,240,1,0.0,20400.0,0
13936.718068246773,1532.925520663162,0,655500.0,360,1,0.0,80300.0,1
11333.900241554555,1446.7852918698472,1,610200.0,120,1,11270.33759347935,208200.0,1
17394.760775592673,3118.1940585323186,1,1049500.0,60,0,0.0,187000.0,0
7997.929272379265,1646.0608902461722,0,314500.0,24,1,0.0,300.0,0
6571.393380509771,550.607319087912,1,347500.0,24,1,0.0,42300.0,0
15897.586051031365,2139.1104320894246,0,415500.0,360,1,0.0,8700.0,1
5577.533416311242,2504.6457567736165,1,381300.0,24,1,3699.0946396427166,47700.0,0
17411.560631049782,6629.498836363655,1,673600.0,24,1,16230.299909887246,99700.0,0
2194.4715950370614,345.5255161749445,0,125900.0,36,1,1758.560307765034,49200.0,0
17518.061227322225,2120.677722624712,1,334600.0,36,1,0.0,55500.0,0
2690.558591209218,759.108908950619,1,78200.0,48,1,0.0,18100.0,0
16258.289819169137,527.1282968091382,1,720300.0,180,1,0.0,69700.0,1
10443.217745380798,4008.87074846726,1,683300.0,360,1,0.0,6200.0,0
17887.436737908807,2088.2065042941213,1,831300.0,24,0,0.0,72200.0,0
3180.745035766382,764.0773509578361,1,217000.0,48,1,0.0,74800.0,0
10861.668550421133,538.308810165315,1,479300.0,360,1,0.0,51900.0,1
17508.840569905584,5208.968795602704,1,778900.0,24,1,7608.602810843893,74000.0,0
10369.565506722382,2621.121613389744,1,253700.0,12,1,0.0,71300.0,0
12070.378210164201,2798.0790035237233,1,740400.0,240,1,10763.6970872763,217200.0,1
13131.979023753875,1091.5594474421378,1,411500.0,360,0,0.0,102800.0,0
9272.65703628437,1178.0692114066305,1,617400.0,180,0,0.0,155100.0,0
12040.929281345016,2669.5911042325383,1,809000.0,240,1,13870.036248630204,600.0,1
11349.028990769604,1140.7433442989106,1,782400.0,48,1,5923.690149001687,79700.0,0
16418.528167855824,1795.965817726347,1,756800.0,48,0,0.0,79300.0,0
2727.142085463326,954.0538651259513,1,148800.0,24,1,0.0,28100.0,0
6495.411033475685,195.28925548156076,1,390000.0,240,1,0.0,69500.0,1
17206.58374522494,5847.002140753329,0,431500.0,24,1,0.0,95900.0,0
16244.220542254661,1418.4335978111353,1,819500.0,360,1,15643.039186424592,30200.0,1
9290.508044571407,2798.2677548621814,1,184400.0,48,1,6616.0692070756095,39800.0,0
11922.121564824587,5682.980898744451,1,534900.0,12,1,9685.55160748505,60100.0,0
6438.098927698123,1568.4712605237219,0,169700.0,48,1,0.0,22000.0,0
5009.938555580181,1234.1231629629008,0,139700.0,36,1,4173.134342125546,1300.0,0
9419.174479039713,978.2026542640663,1,355200.0,120,1,0.0,2400.0,1
7653.6356484168455,1282.144817615345,1,316500.0,180,1,4754.436903855624,70400.0,1
11338.497789613954,953.5996752415824,0,585600.0,240,0,6461.777757567725,18400.0,0
3243.7541914397575,215.8555838258063,1,71400.0,24,1,0.0,10200.0,0
17590.31692265866,7128.1992393389455,1,795100.0,120,1,0.0,187600.0,0
17779.371911673647,8075.921389192635,0,495400.0,120,1,0.0,58400.0,0
13170.587424315921,2639.5114214239284,1,645300.0,60,1,0.0,4500.0,0
10577.541861505926,1836.5054056245099,1,554500.0,180,1,9631.42127265226,50500.0,1
6952.441860581244,1009.1074114555109,1,334200.0,36,1,0.0,11200.0,0
15020.720315311179,297.41437895792217,1,869200.0,48,1,0.0,203300.0,0
12955.698760862068,4595.211853404784,1,468000.0,360,1,0.0,5000.0,0
4601.871029518261,1381.4656047785347,1,273000.0,48,1,3369.675115346284,5700.0,0
16574.83495190148,2010.5572148891897,1,685700.0,36,1,0.0,59200.0,0
15160.595886770703,4385.5454340379665,0,669300.0,24,1,9452.639472943989,149800.0,0
17196.798612670784,1006.2181795772108,0,911400.0,60,0,19501.801676274303,138000.0,0
13611.512134213759,3128.4078274280623,1,258500.0,48,1,12642.253806090173,31800.0,1
11814.643134972637,4189.490860408929,1,629900.0,240,0,0.0,186400.0,0
8691.888580649902,2232.0146850306633,0,446800.0,180,1,0.0,186600.0,0
16923.655733664214,4118.8307121373755,1,587800.0,120,1,0.0,60700.0,0
15857.022232006533,2356.1452602254976,0,358900.0,24,1,0.0,103600.0,0
2723.4987216990303,1096.1890405102338,1,62400.0,36,1,0.0,2400.0,0
2421.8715919560323,695.2002431092008,1,164300.0,360,1,1412.6948012594448,13400.0,0
8023.413870048794,1006.1287073717524,1,443100.0,360,1,0.0,144100.0,1
14968.853292509326,1102.9565354034748,1,372200.0,60,1,17270.92135252344,104600.0,1
17796.41806903911,7635.605596455993,0,663100.0,36,1,0.0,25600.0,0
4406.670257656451,1194.373445153247,1,220300.0,24,1,4799.864395202948,80000.0,0
11506.091445634162,2399.427767386594,0,726300.0,240,1,10452.713428137586,167000.0,0
8094.253706096344,529.0177639633499,1,164800.0,120,1,5028.841027637862,12600.0,1
17518.63036503365,1440.5345627773027,0,539200.0,180,1,13339.022658031168,179400.0,1
15473.902770171338,5073.841613392902,1,1022000.0,12,1,14052.96653123484,29100.0,0
15413.259275378206,347.31719656491964,1,285100.0,12,0,17944.534034916553,24300.0,0
9499.090556719524,333.1944689229722,1,274300.0,24,0,0.0,24400.0,0
8637.112037402643,1135.2693565850159,1,602800.0,36,1,0.0,113400.0,0
6374.5131508913,1114.044448745446,1,325900.0,12,0,0.0,147400.0,0
2902.007946414834,966.8246448315924,0,93200.0,60,0,0.0,20900.0,0
15835.55802008085,2171.114439830391,0,342300.0,36,1,0.0,96900.0,0
15006.416146081241,4654.939016448476,1,293000.0,12,0,0.0,44600.0,0
17995.48277257809,5665.674044254251,0,561800.0,240,1,0.0,108600.0,0
17946.189393182485,5297.820214344991,0,1177300.0,120,1,0.0,115500.0,0
10886.907289642038,3661.566728330483,1,440500.0,360,1,0.0,53000.0,0
14303.798642888169,4796.770028980071,1,813900.0,36,1,15965.693335807417,115300.0,0
17116.251678118846,811.0273058106195,1,1156800.0,360,1,0.0,537400.0,1
15594.358250838583,3132.8560712567187,1,624300.0,360,1,11138.960997090033,150500.0,1
5957.569627891162,2811.9969799029586,1,168800.0,12,1,0.0,6100.0,0
9208.706164961495,3924.3503292289174,0,422900.0,36,1,4000.6864066104154,108600.0,0
4066.5506424239197,491.6378264995872,1,272600.0,120,0,2937.0639393118977,7600.0,0
17264.816436139557,5415.170743362421,1,1060700.0,240,1,18093.77787938218,360100.0,1
11698.79415121408,1497.476087543975,1,252200.0,48,1,3672.651737528162,38900.0,1
5658.284888055403,1745.1867239504902,0,313500.0,60,1,0.0,11500.0,0
12747.210950493707,1989.682222268622,1,623100.0,360,1,3852.323503224426,300.0,1
11890.051847326333,3443.544348568143,0,796700.0,120,1,8015.561671578342,223200.0,0
7730.603488525448,2195.195668431493,0,190300.0,180,1,7386.467630110686,8300.0,1
3816.9214751940644,745.3041162299809,0,178800.0,180,1,3889.0408560531214,48400.0,1
12745.171129484794,745.5330552149268,1,834700.0,48,1,0.0,110900.0,0
10324.923214460692,3270.5334032035676,1,414500.0,48,0,8751.96402844985,53700.0,0
14357.09426777023,2374.5575863330264,1,632100.0,48,1,0.0,60500.0,0
10322.616017791894,1362.3611463825532,1,225100.0,60,1,0.0,9000.0,0
15634.904005096641,3074.5657026287527,1,516300.0,60,1,0.0,59300.0,0
10830.509420391769,2813.3004209236083,0,384700.0,240,0,8848.370612973747,21300.0,0
10975.00754456618,1778.8061720122648,0,757700.0,360,1,0.0,101500.0,0
16026.45764253352,2387.617846909182,1,533100.0,24,1,0.0,35000.0,0
8455.725859398353,813.5633778122306,1,362600.0,180,1,0.0,173000.0,1
4144.243655210252,649.8869532220226,1,224800.0,12,1,2617.2434407823866,91300.0,0
2460.5228210134237,716.8360900754986,0,65800.0,12,0,2317.1367936866754,17400.0,0
14082.196090777905,3191.818039283248,0,623400.0,48,1,0.0,38700.0,0
11924.952821655435,1517.7872537308922,0,690200.0,180,1,0.0,4200.0,0
13265.276289587577,3888.6248102395784,1,859700.0,24,1,8830.571439105322,157000.0,0
5407.426584142571,1183.6699958255904,1,280200.0,24,1,2434.1769288955397,12200.0,0
4181.943609388316,841.2120807337382,1,226400.0,12,1,1341.471042893315,22300.0,0
2232.714650686111,768.6564706665692,1,55400.0,24,1,0.0,7000.0,0
7609.400940905552,1853.5665508894463,1,525600.0,180,0,6765.969965721264,65700.0,0
11438.68298967413,3271.44129134792,1,287800.0,360,1,0.0,66500.0,1
8275.904721595718,2641.6540905618417,0,495200.0,120,1,0.0,186300.0,0
8999.598752379665,789.6671410980515,1,290700.0,24,1,0.0,64600.0,0
16466.539111899976,1413.723300792198,1,1126500.0,360,1,0.0,30800.0,0
7572.087472372806,2718.957370858756,0,430700.0,180,1,8658.155538428053,107200.0,1
10223.831826556972,443.22134144391504,1,600200.0,12,1,0.0,32100.0,0
14538.44820385829,1327.8514992539988,1,433700.0,360,1,0.0,18500.0,1
8344.684517140322,1463.9880054190492,1,349800.0,24,1,0.0,130200.0,0
11953.387203645976,3010.537855474676,1,613900.0,48,1,0.0,41400.0,0
15797.819339947922,2854.0079794034086,1,941200.0,360,1,0.0,2700.0,0
17192.329978522273,3633.2363835706897,1,406000.0,48,1,0.0,14300.0,0
4353.175694864607,536.6817382322714,0,304600.0,36,1,0.0,58200.0,0
16825.402002583913,9121.007913608939,0,1111700.0,12,1,6426.899307649475,28300.0,0
9873.860689272611,1579.986637113563,0,321900.0,180,1,3398.7231025281276,3800.0,1
6131.910212783334,1472.5012514012128,0,382800.0,120,1,3686.9286170083046,122200.0,0
9346.172099812182,588.2665354715725,1,429800.0,48,0,0.0,133900.0,0
17680.52120456763,2630.617427542005,1,759200.0,120,0,13775.123124444983,268300.0,0
9881.889503885914,3372.5423686624868,0,345700.0,120,1,5345.114860680101,40100.0,0
7260.025764600131,651.199098088318,1,358400.0,48,1,8134.402924401206,5900.0,0
12134.413669067613,4856.306535233287,0,696700.0,120,1,7662.111828827929,39500.0,0
5842.329900451089,932.676758483908,1,234800.0,240,1,0.0,61600.0,1
3213.8132497386227,786.5339249507708,0,167000.0,36,1,1832.5304570238034,25800.0,0
4062.075550570388,350.0626878857883,1,226500.0,48,1,0.0,46000.0,0
4048.733423324359,739.5609656608311,0,228400.0,12,1,0.0,39400.0,0
4430.44309619671,1788.005959007965,1,92200.0,48,1,0.0,3200.0,0
4221.2347623905625,1506.384515343635,1,272000.0,360,1,0.0,6100.0,0
12253.995916851434,2174.115597716506,1,523800.0,240,1,12710.433370523391,95000.0,1
4910.081350386317,782.6475249317432,0,158000.0,48,1,0.0,33100.0,0
7530.6765331818115,1305.7627826968762,0,233900.0,180,1,0.0,74300.0,1
16348.614558496189,3885.7043506110185,0,720700.0,36,1,10519.662190337584,218500.0,0
9583.386244205958,4001.608773053459,1,631400.0,360,1,0.0,61800.0,0
12680.923816336435,1447.231844376115,0,487300.0,48,1,0.0,97900.0,0
4757.117939226077,503.5114970418379,1,278200.0,24,0,3105.5730412163794,107800.0,0
5076.624300938733,724.9690913983962,1,117900.0,60,1,5657.575749173589,56600.0,1
2653.8978602636616,181.6126296910128,1,116000.0,24,1,0.0,26200.0,0
4702.961009154633,1282.2837148425715,1,336500.0,120,1,3317.238574168932,27200.0,0
6457.445424511338,323.63549339109306,0,384900.0,12,1,0.0,62200.0,0
4832.167748427949,2025.8531491368976,0,141900.0,120,1,0.0,1600.0,0
3419.24054011289,594.4781775528484,1,154100.0,48,0,0.0,25300.0,0
3930.173937609613,1017.7983406642024,1,120300.0,36,1,0.0,2700.0,0
9372.460288523613,263.414894837492,0,376000.0,24,1,5614.843384260871,90400.0,0
5301.33949449268,1499.8409812297791,0,318700.0,180,1,3835.467258377783,46800.0,0
7828.317776769208,1807.2988126091927,1,466900.0,360,1,0.0,140600.0,0
10054.676333677711,2494.329087654178,0,304800.0,36,1,0.0,31400.0,0
13046.317258069845,2091.006904703264,1,884500.0,120,0,13615.687700117553,411400.0,0
2628.994237457583,846.4295719864245,1,131400.0,360,1,0.0,11400.0,0
14790.566382544683,1230.01354438214,0,569700.0,24,1,0.0,117700.0,0
12046.406231854524,2743.3469003746523,0,543300.0,180,1,6568.819585206647,33400.0,1
3308.1445111819503,125.47682925525409,0,167600.0,60,1,3597.5758791308003,3300.0,0
15977.257985708435,1235.5150354899872,1,770600.0,60,1,15816.85268497826,40200.0,0
16733.95840850901,6110.728378465589,1,740700.0,180,1,0.0,26500.0,0
2977.24735767782,341.4554816029982,1,134800.0,360,0,2860.2775293315767,12200.0,0
6430.04237035526,550.0024564316132,1,177000.0,48,1,0.0,43700.0,0
14899.22047668898,2169.6318826968018,1,922100.0,360,0,0.0,211500.0,0
13972.155046138534,5131.149272305654,0,660300.0,360,1,0.0,11800.0,0
4952.336309702037,638.0965894707335,0,124200.0,48,1,0.0,17800.0,0
5349.589173387365,2502.9095621512047,1,317600.0,36,1,0.0,24700.0,0
7927.553644662112,860.1633893357741,0,541900.0,24,1,0.0,97400.0,0
9752.367763056342,2963.5017954082127,0,674400.0,360,1,0.0,36500.0,0
11892.076344484736,2221.6124572071626,1,451000.0,24,1,3892.9624431976968,22100.0,0
7902.618233116358,1170.8736560174693,1,200100.0,120,1,0.0,22700.0,1
9400.555458130366,2081.995263657311,1,432400.0,60,1,0.0,82100.0,0
13959.535010140105,877.3569252413098,1,336200.0,60,1,0.0,41100.0,1
2586.9312462495664,364.7157407265223,0,177000.0,48,1,0.0,5100.0,0
6038.991109504332,845.3478201808562,1,168600.0,120,1,4685.8023428486895,46800.0,1
13413.593374152839,2732.875192640404,0,424500.0,60,1,0.0,210600.0,0
16323.30940299519,3315.274853337912,1,652300.0,48,1,11350.78773326089,134900.0,0
10186.839073850657,2535.2732259511304,1,394100.0,360,1,0.0,134100.0,1
10513.81576424505,3398.5378127713434,0,640400.0,120,1,0.0,46200.0,0
3714.752181436417,660.8756141120259,1,158400.0,36,1,2354.997834189914,33900.0,0
9158.597869175275,1883.4245686760573,0,249300.0,120,1,7975.354639407686,57600.0,1
10521.87626328037,3992.5576070244138,1,341200.0,12,1,0.0,171300.0,0
5879.528058155674,1179.445364400744,1,267500.0,60,1,5586.816808009517,4100.0,0
6307.891695190096,1084.6168431511103,1,163800.0,120,1,0.0,17900.0,1
8036.546609673962,2426.344750356812,1,410100.0,240,1,5297.912489821994,8300.0,1
2321.1391644436217,433.67970826940456,0,112700.0,360,1,1632.1047684659998,19800.0,1
7153.2666493308525,3068.2873161300945,1,404800.0,36,1,7626.483786834646,52400.0,0
5383.168111944715,1833.5919763918914,1,369500.0,24,1,5372.881802475702,213500.0,0
7239.957634846634,949.298721147086,0,487000.0,48,1,0.0,10900.0,0
3916.1941091080193,607.9871980712209,1,270600.0,240,1,2316.7362207396513,104900.0,1
16248.43649183832,5643.564975228898,1,507200.0,240,1,0.0,31900.0,0
11497.479256864779,3016.996606705727,0,288600.0,36,1,0.0,24400.0,0
12865.637106311833,4515.431231272011,1,441600.0,48,1,0.0,41400.0,0
14626.739817717413,2518.571251789577,0,970300.0,36,1,0.0,99900.0,0
9975.075182864915,2025.2500722873929,1,703200.0,24,1,11072.183320026608,253800.0,0
3390.7246093987787,521.5927565011,0,218400.0,48,1,0.0,36900.0,0
10593.704669096764,1546.4467798694561,1,253600.0,120,1,0.0,150300.0,1
11389.457888334066,1247.642918814605,1,787700.0,60,1,0.0,28400.0,0
13927.03158694928,3680.5232149894205,1,569100.0,36,0,0.0,17600.0,0
8906.55273967487,1837.2380271321742,1,164800.0,24,1,4404.9112633056975,38100.0,0
4041.2848447290203,924.6941105970187,1,169300.0,360,1,0.0,12700.0,1
6540.4144927795915,2107.827268226289,1,134000.0,12,1,2081.1322134383236,24400.0,0
7809.3167423781615,278.55147163851996,0,369900.0,360,1,7057.154743616286,211500.0,1
12334.675861305619,2541.4064065969187,1,447500.0,12,1,8910.003067653111,151500.0,0
11132.45287470259,3963.98609755809,1,485000.0,180,1,0.0,81700.0,0
7697.54761436554,580.07186957357,1,393400.0,120,1,8283.822992460575,162500.0,1
17784.243980687676,5809.102413603368,1,1154500.0,180,1,0.0,357100.0,0
11692.397109710195,2451.0522137144194,1,628400.0,36,1,3742.4034838217176,24000.0,0
5795.628667775912,1331.7811470568527,1,240200.0,36,1,0.0,4700.0,0
3628.5195619264596,910.6497653500013,1,225900.0,12,0,0.0,5900.0,0
4445.746226949313,407.25302702685167,0,297400.0,48,1,0.0,62700.0,0
5935.32365415213,159.38672844218422,1,145200.0,24,0,6225.185068878721,1800.0,0
4570.901972152891,1370.517870101841,1,213600.0,240,0,0.0,20700.0,0
4985.072384820893,410.390859441566,1,166300.0,36,1,0.0,5100.0,0
6561.522699101553,976.238417492719,1,134800.0,180,1,0.0,3700.0,1
4773.977524716078,2549.3803928668044,0,258300.0,180,1,4279.633016271371,4200.0,0
16348.246794022803,2845.654183818311,1,1055900.0,360,1,14793.439594555673,309100.0,1
3283.7399305862755,825.6812552899413,1,88000.0,120,1,0.0,42300.0,0
10392.182233124075,1147.0970081489538,0,643000.0,12,1,6155.035427771884,202800.0,0
8566.349231834585,3169.415710010416,1,549000.0,240,1,0.0,54200.0,0
17718.057870537705,610.4337734371015,0,1193700.0,12,1,0.0,399400.0,0
3792.6224346888375,1287.1435276041982,1,122600.0,36,1,2261.109507367538,27600.0,0
8365.689584731866,494.7832193419437,0,558900.0,60,1,0.0,192800.0,0
17511.5269324059,7871.118623370406,1,618400.0,240,1,0.0,123900.0,0
15848.114014303685,4399.540590748765,1,758000.0,360,0,0.0,85100.0,0
15073.153135188479,1293.3739058446224,1,312400.0,180,1,0.0,15200.0,1
6126.445232719037,1179.6931746533348,1,124800.0,360,1,0.0,5900.0,1
4734.2013982410535,1202.7411803204648,1,269400.0,36,1,0.0,113400.0,0
12698.291518790897,1450.2736660360436,0,533400.0,60,1,0.0,63300.0,0
16870.015826041374,2558.1331583051774,0,537100.0,240,0,0.0,262100.0,0
10908.206288222877,4404.706779879821,1,308500.0,12,0,0.0,36200.0,0
11145.803031518397,2266.4917445281944,0,603900.0,240,1,0.0,38000.0,0
6479.665498564546,2203.272407322475,1,116800.0,180,0,0.0,24600.0,0
14311.88693107099,3789.7306763835986,1,880400.0,12,1,12024.800885220338,275000.0,0
4992.699976920374,1251.3440063555893,1,111200.0,120,1,0.0,13200.0,1
7178.867782467899,2107.3832615577135,1,203500.0,12,1,6302.444554887062,400.0,0
8806.983017862669,3734.238542699521,0,342200.0,24,0,2886.11801558017,33300.0,0
10121.766058951282,981.9187078746479,1,447200.0,60,1,9630.075957771558,11800.0,0
5878.555718641284,1834.0502098889176,1,218500.0,24,1,0.0,60600.0,0
3837.3891958272566,1837.6298451535401,1,135500.0,12,0,0.0,43200.0,0
11769.920679066121,3365.424749760062,1,824500.0,120,1,0.0,233200.0,0
6618.0888518440925,1608.1809913628554,0,348400.0,240,1,5983.898322140405,77600.0,1
11299.811542761796,4530.7688983163,1,217700.0,240,1,0.0,600.0,1
4469.803444387237,2410.508136008219,1,184300.0,240,1,1705.6585772611138,4200.0,0
9698.241629677079,2261.255597897644,1,632800.0,120,0,8733.463905716993,54600.0,0
10521.430920825374,2763.59456637133,0,360700.0,36,1,0.0,900.0,0
2829.1765891588307,794.3651171127251,1,65400.0,12,1,0.0,5500.0,0
7385.66845110273,420.52596814172097,1,435400.0,24,1,6254.636182427827,44000.0,0
4150.634831023588,1382.0995550801376,0,210500.0,60,0,0.0,7300.0,0
3013.999527564284,176.66068803320664,1,147100.0,60,1,0.0,19500.0,0
17839.363718239125,5030.2150035884815,1,372700.0,12,1,15332.337642127295,30100.0,0
7157.661519595567,386.242762460825,1,183100.0,12,1,0.0,22000.0,0
14957.991133674157,1387.4372609547838,1,772100.0,360,0,8057.3132012196365,12200.0,0
6074.250476220222,838.0159338635608,0,177500.0,24,1,6388.416742363609,77500.0,0
12904.043555582868,1586.3446932243137,1,583500.0,180,1,7669.935802770565,128300.0,1
14163.645758234985,4348.396247770254,1,671700.0,48,1,0.0,41200.0,0
11530.219849725509,1493.1193663614347,1,384100.0,180,1,0.0,13500.0,1
9545.219016802534,518.0548399410478,1,660700.0,240,1,0.0,10400.0,0
8589.454626356295,999.4662027674799,1,545400.0,60,1,0.0,66400.0,0
7581.892264687925,1652.254379247417,0,432200.0,12,1,0.0,151700.0,0
16872.466307965213,4020.606034189542,1,374800.0,48,1,0.0,62000.0,0
15289.910524603667,3071.6078326369798,1,362800.0,36,1,0.0,159700.0,0
17440.4305706642,6197.010301946335,1,778000.0,60,0,0.0,190900.0,0
3988.755575768716,1448.6284509946263,1,106400.0,120,1,3984.671357047922,9100.0,1
13693.879603258309,3755.358451838543,1,969900.0,24,1,0.0,50500.0,0
17013.447309136605,2962.987000976691,1,451900.0,180,1,0.0,5700.0,1
4899.729058650562,787.6399697897589,0,217200.0,36,1,3162.268168259557,15700.0,0
3063.94027786844,1538.2771934234872,1,115400.0,12,1,1309.5095866053628,13000.0,0
13857.930388640945,2870.145601206881,1,727900.0,36,1,0.0,14600.0,0
11191.569810878591,5273.894731508854,1,279400.0,360,0,0.0,900.0,0
15469.260428132353,1329.3122264364429,1,637900.0,120,1,0.0,100900.0,0
4236.358026020632,527.059783325739,1,139100.0,120,0,4460.607101472492,44100.0,0
14724.276989758244,1862.9366281296784,1,970900.0,48,1,7713.591373915177,284900.0,0
5226.037120763913,380.00976540264026,1,105500.0,240,1,3600.762403233045,2600.0,1
4618.495085851272,942.9345292047357,1,311000.0,60,1,0.0,57300.0,0
4628.252766895886,657.0786558199841,1,291500.0,180,1,0.0,22900.0,0
15033.195523702114,2451.7232318058113,1,512200.0,360,0,0.0,4900.0,0
12643.155531139202,4934.637477255705,1,766400.0,60,0,4539.71711634574,18900.0,0
10369.046796305909,570.6339193425193,1,204100.0,60,1,6857.042292408677,39000.0,1
7741.28774597604,969.4513883596584,1,543500.0,48,1,7651.2031847803155,128900.0,0
16035.208653009733,3412.880487338344,1,744600.0,120,1,0.0,107800.0,0
8279.121718762166,1599.3606044066257,1,284600.0,24,1,0.0,14500.0,0
15065.591031545233,6570.51382741563,0,566200.0,36,1,0.0,3800.0,0
9026.158537123494,365.8790550452491,0,194800.0,12,1,8415.668849878895,44000.0,0
8031.110870798521,3237.2317095962103,1,573600.0,24,1,9223.689081324512,347500.0,0
9402.876570713703,633.8099056485378,1,189200.0,24,1,0.0,38400.0,0
6822.045986626274,1036.768484639639,1,364100.0,240,1,0.0,126200.0,0
13961.750082820017,785.4636460963009,1,585100.0,240,1,0.0,39800.0,1
10043.526241479667,138.51243388642243,0,695400.0,24,0,0.0,252300.0,0
5715.4031223490765,2191.87418611246,1,178800.0,120,1,2283.461918727403,74800.0,0
16393.193172393097,1815.0229105576389,1,766100.0,60,1,0.0,188200.0,0
8142.2595419713825,2303.2514004235827,1,358600.0,36,1,3811.160908512674,42300.0,0
10696.845777823817,1421.8075481530034,1,598500.0,60,1,0.0,69900.0,0
16503.553775432752,7252.198009083825,0,357700.0,60,0,12809.941940161938,99200.0,0
11987.807934623874,1654.0585020133487,0,341200.0,60,0,0.0,42600.0,0
3870.3686513338253,649.5599883893638,1,114500.0,36,1,2772.1316010033706,57700.0,0
17037.313977815604,2057.7822058866172,1,985800.0,36,1,0.0,100600.0,0
12043.328849142687,957.4650636434744,1,339800.0,48,1,0.0,10300.0,0
7358.489834513378,2162.4257586413573,0,360300.0,180,1,0.0,137000.0,0
4228.353162614196,842.8934216742216,0,125300.0,24,1,0.0,18000.0,0
14704.403028324736,206.43975095906123,1,948800.0,48,1,0.0,59100.0,0
11921.164094856216,5205.053361080417,1,821100.0,48,1,0.0,99800.0,0
10535.377471621145,1416.6544437483478,1,484600.0,12,1,10492.958208127486,51400.0,0
16302.281328815323,1308.7435413713563,0,603600.0,240,1,0.0,102600.0,1
14617.555379592492,749.1706963799961,1,447900.0,12,1,9004.842722495567,9600.0,0
4426.798075724018,385.6026140498156,0,91600.0,240,0,2766.7030975600956,16700.0,0
6987.553084728772,1836.3392818108953,0,227100.0,180,1,0.0,31900.0,0
5975.8262370314515,1774.565043852394,1,318700.0,360,0,4771.079104021058,109000.0,0
13903.140681162831,2190.36857601896,0,650900.0,240,1,0.0,211400.0,0
2536.5189557724702,1708.7258621024553,0,175000.0,60,1,0.0,1000.0,0
11118.234957941064,1612.62817580877,1,438000.0,240,1,0.0,19100.0,1
14199.338971851048,2558.4545659550204,1,787600.0,36,1,8457.951967634313,27900.0,0
16028.25018818799,1209.3224917620928,1,712000.0,180,1,0.0,36200.0,1
7473.307979454519,1289.24762740346,1,341400.0,48,1,0.0,22400.0,0
15140.116874752206,5083.617902833944,0,491400.0,60,0,0.0,150400.0,0
3770.1077912833157,1741.0897017901284,0,160500.0,360,1,4170.564764290093,11000.0,0
15543.236667752291,4175.097923020156,1,674900.0,180,0,0.0,31500.0,0
4039.818597311719,171.5014434104915,1,226900.0,48,1,2204.8251486235417,17000.0,0
8356.596648965877,531.2071261093392,1,574900.0,120,1,4782.982130765699,44200.0,0
14756.725852472859,599.0625466068574,0,528000.0,180,1,12559.184436129022,47800.0,1
4398.678837580381,433.73408021365645,1,89200.0,360,1,3054.880244795569,16700.0,1
5668.0223237222635,786.5759380856204,0,253900.0,48,1,5407.641045406331,120900.0,0
13556.041094289061,940.8204917553414,1,642600.0,36,0,0.0,525100.0,0
13520.58458473719,3766.245915761981,1,366400.0,240,1,0.0,69500.0,1
12258.362126164757,1048.6183873785985,1,724000.0,12,1,0.0,73100.0,0
13103.1751114736,2964.2314037574456,1,932800.0,360,0,0.0,29200.0,0
10683.59109356154,3313.960604587078,1,737900.0,12,1,0.0,241300.0,0
6028.784942511244,946.021505490519,1,172700.0,24,1,0.0,7500.0,0
7531.135896062711,2623.9771296725553,1,491600.0,240,1,0.0,60600.0,0
4905.563468822811,1124.4684736564077,0,274900.0,360,1,3959.0122680734607,17400.0,1
16535.20898133805,2183.8608629392397,1,702900.0,180,1,0.0,116400.0,1
11334.268716257928,1675.4922841081639,0,534900.0,36,1,4815.911460559322,53000.0,0
8413.622668218239,1025.4544277138832,1,537400.0,180,1,0.0,43200.0,0
9392.092858306123,2765.753378442355,1,412600.0,120,1,5198.407956191928,90700.0,0
17156.533433789045,4390.890931226472,1,654600.0,24,1,14476.949855063462,242700.0,0
4453.622449857283,907.6467623717263,1,198800.0,36,0,0.0,39400.0,0
11379.677312268755,643.8995092604843,0,560700.0,60,0,0.0,55200.0,0
10094.218862151456,1165.03076104881,1,284800.0,48,1,0.0,11000.0,0
11783.267766954365,1125.6380787210512,1,785300.0,24,1,0.0,16400.0,0
2289.7629411334483,54.473387237085355,1,124600.0,48,1,2677.2191713895872,11500.0,0
15953.982543106424,1151.9668456281565,1,832700.0,240,0,4904.455532052972,81600.0,0
16913.892519737798,1113.6051003172477,1,395300.0,60,1,0.0,2900.0,1
11042.130937427342,1816.5311748702043,1,559000.0,60,1,0.0,92200.0,0
13146.413182030275,3818.33587797955,0,322500.0,36,1,0.0,44200.0,0
16759.99009883673,2233.659918606523,0,372900.0,240,1,0.0,17800.0,1
13315.818149014378,2135.4756951029226,1,618800.0,120,1,9272.025173186914,44400.0,1
4440.624686628182,820.5192361237564,1,176500.0,24,1,0.0,32700.0,0
11220.61376266901,2022.9975712330668,1,558700.0,24,1,0.0,4600.0,0
11707.440742125695,2413.9506939503676,1,267100.0,360,1,0.0,24900.0,1
8786.090740838175,3137.539965711563,1,362600.0,180,1,0.0,65600.0,0
13783.107769995566,2237.695398467313,1,378200.0,360,1,13199.202892904883,111300.0,1
16949.87223630424,6322.078320119156,0,1208600.0,120,1,0.0,28400.0,0
16809.09620650842,3203.742169019098,0,811900.0,60,1,5212.154041492793,363400.0,0
9213.429942466115,1553.535338003024,1,507900.0,12,1,6562.3598696370145,156800.0,0
3811.808733452084,2250.10167369229,1,135600.0,120,1,0.0,26000.0,0
17757.459183397354,4949.985569586314,1,410500.0,120,1,0.0,46100.0,1
15422.369383134946,428.21099194297,1,1090300.0,36,0,7597.787257516617,385900.0,0
3994.6028992522697,1005.6714422820513,0,133700.0,36,1,2754.542327311168,1500.0,0
16733.47012187796,1244.4518873635775,1,684200.0,36,1,7996.989681097671,138400.0,0
15918.341792994053,2939.197748592795,0,845100.0,36,1,0.0,117700.0,0
10301.408914017155,753.333294093037,1,199200.0,180,1,4166.385401111199,17400.0,1
11460.406971918868,2530.053498838473,1,707700.0,24,1,0.0,54900.0,0
8384.043261922085,3191.3043173640285,1,393800.0,24,0,2901.033857922169,132200.0,0
2876.1862211525013,680.4836635980711,1,95000.0,36,1,3333.0183491600646,2700.0,0
7363.155866334415,1134.6411555678237,0,157000.0,180,1,0.0,35700.0,1
14845.655177568184,1878.1402700744306,1,397500.0,36,0,13919.73801545824,76300.0,0
2074.112368073646,855.3094666161389,1,137600.0,180,1,0.0,35600.0,0
7335.986747058307,1653.6784575908064,1,403800.0,360,1,2914.912643616501,58900.0,1
8370.699097455094,3017.7970724693114,1,263600.0,48,1,0.0,64300.0,0
10598.329647006765,3092.5220245526607,1,228300.0,180,1,7613.668719079782,7200.0,1
16717.689862604166,2600.779699062639,1,924400.0,360,1,0.0,33700.0,0
7541.53590985538,1419.358184507635,0,368900.0,240,1,8675.420221030943,255000.0,1
7551.251230339643,3178.7451354429704,1,300900.0,240,0,0.0,15600.0,0
13800.019969755975,2438.817515504599,0,519400.0,360,1,0.0,500.0,0
9235.487054236914,1146.6717721454747,1,274400.0,60,1,0.0,5200.0,0
5593.677167039712,637.5593309539598,1,302900.0,60,1,3471.2161114882165,118400.0,0
9239.032258123094,2746.268750797816,1,650600.0,36,1,0.0,295900.0,0
4253.712326076798,569.6857553765254,1,116900.0,60,1,0.0,4300.0,0
4822.191784099573,726.4309362135588,1,242300.0,240,1,0.0,82900.0,0
9973.884363831676,3055.231464350226,0,408000.0,60,1,5073.824784278907,5500.0,0
8702.807192072767,506.4144002183873,1,366600.0,48,1,0.0,54200.0,0
16637.5344170896,3343.8768233788937,1,527800.0,240,0,0.0,187400.0,0
7798.30238586613,2711.147336864613,1,487800.0,180,1,0.0,134200.0,0
11289.413604448695,2399.2395398605586,0,499000.0,120,1,0.0,149500.0,0
12116.228606712486,2255.0348921451427,1,573600.0,60,1,0.0,31500.0,0
2209.511305413338,563.4526581846575,1,76100.0,60,1,0.0,6200.0,0
12616.59795226737,3075.3562589534345,1,351000.0,24,1,4098.7371389249865,38800.0,0
4848.5754699160225,864.7542874582875,1,109800.0,48,1,5093.87307710003,17500.0,0
17377.125079511283,608.3503837920452,1,982900.0,240,1,0.0,134700.0,1
4378.603644049807,1164.7763604901606,1,125200.0,240,1,0.0,17800.0,1
8633.98597963238,562.083837733914,1,477100.0,12,1,8260.957841061469,125400.0,0
3365.5946892583015,979.7417356328912,0,131500.0,24,1,0.0,300.0,0
17949.988029535158,609.9987567929344,0,726100.0,60,1,14525.779987711303,7600.0,0
10035.120165299883,833.7947989185891,1,434900.0,360,1,0.0,300.0,1
11526.1602771207,2331.6606544247065,0,436300.0,180,1,0.0,77500.0,1
3073.2236382148394,483.2736479532736,1,72000.0,60,1,0.0,4700.0,0
13999.367526386844,1966.9333781241537,1,486100.0,12,1,9283.967420155232,101200.0,0
5358.489489529373,2799.8094301564233,0,288500.0,120,1,0.0,18600.0,0
16368.86863105142,4462.9832380841235,1,883100.0,240,1,0.0,121000.0,0
5282.234247712115,189.43810353006307,1,176700.0,180,1,0.0,19500.0,1
5051.0035306186655,1640.8129179490459,1,216400.0,24,1,5477.586850523955,1400.0,0
2584.794685569518,731.7613111635919,1,73500.0,60,0,1620.1902506170459,13300.0,0
9553.07112175999,1907.1785651450468,1,280500.0,48,1,0.0,36200.0,0
11037.458132201862,1442.7229474902492,1,212400.0,360,1,0.0,7800.0,1
3051.338230853638,844.6934764805223,1,202700.0,12,1,1313.3228061256384,10300.0,0
14408.44186712017,3082.753496692758,1,423300.0,120,1,0.0,48400.0,1
9252.621355968442,2843.205611142202,0,280200.0,36,1,0.0,13000.0,0
10390.244309241281,1072.9560168432836,0,343900.0,360,0,0.0,50500.0,0
9052.20395101165,1087.6743557475493,1,225200.0,60,1,2751.295947037016,37400.0,1
8412.208974005216,636.2770898239686,0,441800.0,120,1,0.0,84200.0,0
10954.245300931487,1061.0024846297138,0,241600.0,360,1,9178.190721651035,13200.0,1
4483.8439348914,673.1079614646129,1,113200.0,360,0,0.0,11300.0,0
4910.850087924338,1084.4822881879275,0,259400.0,240,1,0.0,54400.0,0
15788.569936216278,1681.7349331679247,1,573800.0,360,1,6307.332037509438,60200.0,1
17137.847394138123,3333.751521399649,1,963600.0,48,0,0.0,224700.0,0
7972.949060476047,2917.0303670604817,1,383500.0,120,1,0.0,2000.0,0
6331.91477029686,1568.933153574493,1,201500.0,60,1,5260.565179936908,44100.0,0
12303.992691824253,1506.159400774379,0,653900.0,60,1,12208.859586029164,213200.0,0
8539.746737569541,85.43094042602124,1,207300.0,48,1,5858.000890845614,66000.0,1
2406.181690565518,479.03240932198366,1,113000.0,24,1,2364.338606221122,43500.0,0
4498.441557859045,519.2514842231602,1,187200.0,120,0,2854.813091914821,27200.0,0
13455.555661558361,1098.8585815552715,1,436800.0,360,1,0.0,134700.0,1
12542.783070562422,2475.632362308065,1,634900.0,12,1,0.0,92300.0,0
2433.535880055736,778.2470266936364,1,158300.0,180,1,1649.219586763672,800.0,0
5551.554590927191,716.7638321931712,0,399400.0,120,1,0.0,49500.0,0
5697.196745409143,1783.1591461658663,1,289500.0,36,1,3501.1362825157335,39600.0,0
12750.283897579655,2076.478665282991,1,508200.0,12,1,14402.142828433289,183700.0,0
2315.3686040698267,609.4861706127089,0,69800.0,48,1,0.0,17500.0,0
3665.7373117531815,1338.6632661090355,1,116900.0,360,0,1897.6336283373907,9100.0,0
14798.65736597103,168.34475358082628,0,649500.0,24,0,0.0,132500.0,0
4856.714592869338,975.6319484349491,1,183700.0,36,1,0.0,111400.0,0
12443.937725629996,5796.98992558909,1,838000.0,24,0,14009.039828331088,2200.0,0
5810.924496747624,2005.5568157898679,0,220200.0,24,1,0.0,57700.0,0
3591.0622841495224,319.4088918289114,1,137100.0,240,1,0.0,17500.0,1
5890.755055991265,1296.1835654786137,0,228000.0,36,1,0.0,21200.0,0
13556.270909690547,6781.638827926292,1,856500.0,180,1,6846.197154995308,299600.0,0
15691.143489700571,2083.098723227108,0,833900.0,240,1,7522.571377075416,26000.0,1
15283.517833071866,5094.886725188351,1,782000.0,36,0,10436.932069667286,71600.0,0
8354.936473895277,1723.746359508675,1,301100.0,24,1,8187.379821317543,5300.0,0
12689.362185130338,1770.9976840563368,1,788900.0,240,1,0.0,146700.0,0
5279.748726653135,1593.826467809808,1,106000.0,36,1,4856.135272835541,700.0,0
6690.363684176212,2254.1753297793307,1,435000.0,180,1,3707.088472873549,24300.0,0
16341.373096337917,1540.7883730239657,1,746600.0,12,1,0.0,343200.0,0
2208.030776171777,826.45011800354,1,87200.0,120,1,0.0,65900.0,0
3368.136493671489,11.581933754789956,1,151100.0,360,1,3488.645636554616,7000.0,1
5326.180082336437,771.3537833313285,1,287800.0,36,1,6342.9635510656035,41600.0,0
2424.5152619811156,517.6629130991445,0,45300.0,180,1,1615.190625997011,6000.0,1
4902.966961436758,678.8068958343579,1,319000.0,120,1,1519.269074603576,107400.0,0
11328.664975515076,2245.155153542746,0,477200.0,240,1,0.0,10900.0,1
8742.792809479968,1172.358457945139,1,319300.0,36,1,7757.254408153888,20100.0,0
16282.747377231597,3077.3977980454656,1,414600.0,36,1,0.0,40200.0,0
15079.096987815054,4248.61605680328,1,629300.0,48,1,0.0,78300.0,0
7469.077627166015,1256.9866216096116,0,334600.0,36,0,3947.3747356978415,45200.0,0
6150.77493490068,2784.288533802492,0,244800.0,360,0,0.0,31600.0,0
8075.07853067627,1465.4591718676527,1,441300.0,48,1,7422.496060691577,111600.0,0
11444.719080236924,1722.58057108205,1,466100.0,120,1,0.0,20900.0,0
6289.01825316602,3672.1156345732365,1,439700.0,240,0,0.0,54600.0,0
11986.382525586145,4332.177279315949,1,603600.0,240,1,0.0,194300.0,0
8550.586435059846,2378.767850251023,1,526700.0,60,1,0.0,77100.0,0
10832.754893631683,513.5255795091105,1,259000.0,60,1,0.0,23200.0,1
8978.024466165067,3825.278910141093,0,354200.0,120,1,0.0,34800.0,0
6711.452152670683,1973.212800140665,1,242900.0,180,0,7084.6762473378,30200.0,0
17175.252911394506,1080.9635231378309,0,837300.0,180,1,0.0,56400.0,1
14217.692706556174,4015.5714613260834,1,917000.0,48,1,0.0,56200.0,0
4241.81081226324,416.72275854657227,0,94300.0,120,1,0.0,19400.0,1
15895.487614366604,6175.256761662292,1,348400.0,180,0,12007.212851832854,43600.0,0
9798.899171992218,4086.981236897517,0,626300.0,60,1,0.0,51800.0,0
16312.835630305462,4563.488719333419,0,481100.0,60,0,6650.211215677808,9500.0,0
14797.684095157043,1782.5979394623052,1,800700.0,24,1,9988.996079140778,280500.0,0
8803.416071507734,2594.7958530178053,0,416500.0,180,1,0.0,110700.0,0
2359.5089331218783,148.16806310712778,0,148600.0,120,0,0.0,1500.0,0
6298.837750159138,1434.1710922696486,1,155900.0,12,1,4247.463007744449,40900.0,0
10666.147434573872,1662.4734653393782,0,266700.0,48,0,6131.363749790027,11100.0,0
12135.651517218357,2002.577570929689,0,583300.0,36,1,13749.570517327966,146400.0,0
6126.202966931237,342.10081370929845,1,423300.0,36,1,0.0,187200.0,0
4229.697185165186,854.2553427323464,1,170900.0,180,1,0.0,39100.0,0
15358.883788788786,1333.3436386097474,1,547600.0,48,1,0.0,36200.0,0
17750.434891256835,2259.0416157922,1,901000.0,240,1,0.0,94800.0,1
10411.042916842973,2769.062108874404,1,710500.0,360,1,0.0,87500.0,0
4746.868573572856,1013.9520263962446,0,300000.0,36,1,5448.0497754442895,152700.0,0
6356.917224309903,788.1156390969151,1,456100.0,60,1,0.0,42200.0,0
2294.250824759468,193.69338303275867,1,44100.0,48,1,2404.8145899975643,22000.0,1
16628.780904967985,2183.1675015841674,1,400700.0,120,1,10451.872642895149,223900.0,1
3884.017326242258,504.01339258405136,1,197700.0,48,1,0.0,17000.0,0
11224.263608228057,1632.413384655927,0,699400.0,240,1,10173.004499425651,168000.0,1
6384.883530995296,1588.0965450060082,1,213300.0,36,1,0.0,28600.0,0
10866.848040252695,1657.3735558741018,1,336000.0,60,1,7908.497307918896,64700.0,1
12422.726213629827,5249.413283119267,1,751500.0,12,1,0.0,170900.0,0
15275.868859315226,1380.2658230869786,0,321500.0,120,0,0.0,30500.0,0
5302.740348169651,1227.3682234383746,0,201200.0,60,1,6265.070455629456,9300.0,0
2175.933258535688,156.51060470405247,0,98600.0,240,1,0.0,21000.0,0
4190.170081100916,407.3421324234463,1,202200.0,360,1,4339.962086591684,59200.0,1
16400.29826956968,70.89498437818132,0,940500.0,240,1,0.0,22000.0,1
15982.241241000243,1524.0257009582976,0,593900.0,240,1,0.0,104100.0,1
11558.609634724933,337.2746774937978,1,590500.0,36,1,0.0,33100.0,0
11608.269766938454,1752.192201606357,0,575900.0,48,0,0.0,192400.0,0
12640.586792740087,1455.1357323714087,1,601300.0,48,1,0.0,115500.0,0
4805.940457975194,154.49795598300295,1,252700.0,60,0,2723.1908970883046,11800.0,0
16630.591134799357,3456.8988288025025,1,532300.0,360,0,13146.608254676452,84200.0,0
8700.32839827317,3105.803519205818,1,196400.0,360,1,4363.280030983771,17400.0,1
8130.21645199196,4064.410369365283,1,198700.0,12,1,5687.289893192319,26000.0,0
10302.683284525401,444.4318606449408,1,310400.0,240,1,0.0,63600.0,1
2751.455468400881,559.1519586714154,0,123800.0,12,0,2884.8351231587944,52400.0,0
4660.533900097271,1175.0891697574548,0,295400.0,24,1,0.0,34200.0,0
13808.537862821928,4088.190660462705,0,771500.0,180,1,9295.328506105197,102500.0,0
3324.7786868020235,512.4351646004108,1,201500.0,240,1,0.0,32100.0,0
11650.433751462211,2576.7283965382326,1,430500.0,12,1,12531.165251726841,125300.0,0
5925.585754901135,1735.3144227856985,1,236100.0,36,1,2707.108655709932,2100.0,0
8228.729824671624,3136.6019487033827,1,323100.0,180,1,7074.187744722705,54400.0,1
6619.0997883311975,1273.175723959526,0,187700.0,360,0,2134.4863300995567,1000.0,0
7690.763463439186,184.85915220023725,1,163900.0,240,0,5072.487862038942,5200.0,0
13504.734482947928,2072.0350295072653,1,674000.0,240,1,16035.039226599805,134300.0,1
6753.9474499708,1721.387768723032,0,482400.0,360,1,0.0,52700.0,0
11062.474244750356,1354.3804402836504,1,298800.0,36,1,0.0,47000.0,0
9616.806435185594,2593.329251900016,0,197300.0,240,1,0.0,16200.0,1
12618.73864580237,658.5188050054683,1,758300.0,12,1,0.0,200500.0,0
16989.27582919613,8057.677905534408,1,537500.0,240,1,0.0,600.0,0
13721.153555364004,1489.9047883280925,0,861700.0,180,1,0.0,69300.0,0
5439.046057452108,362.60890740313147,1,304700.0,240,0,0.0,46900.0,0
2498.930160980555,225.23446568685713,1,172600.0,12,1,2160.1365915195775,13300.0,0
6196.224708797201,1942.0955212133374,1,248400.0,120,1,3734.6619240952764,9600.0,0
11521.246891204077,1145.0462016927474,1,619200.0,180,1,0.0,22200.0,0
2822.8130157480055,611.880924869098,0,121700.0,60,1,0.0,5400.0,0
9941.859955219781,4260.246918278824,1,517500.0,60,1,0.0,165500.0,0
11549.485582670228,1018.7520478376699,1,488300.0,180,1,0.0,3000.0,1
7347.902253071373,2618.338368312796,1,207100.0,36,1,3608.801610846532,48600.0,0
14334.59525993315,4033.4380167544164,0,651200.0,120,1,0.0,187300.0,0
3705.572050140349,90.10623278939207,1,172500.0,180,1,0.0,9100.0,1
3202.20450777294,1096.4112655345905,1,197800.0,12,1,1581.6769912897182,6600.0,0
13651.020099257654,3864.800693323516,0,787900.0,24,1,16363.535449927746,144200.0,0
9927.861059299175,221.26036492199847,1,534600.0,48,1,0.0,58100.0,0
13014.438342843776,2420.629792256893,0,313900.0,240,1,12138.164459657353,1400.0,1
8957.23741765994,1864.8587039527986,1,509800.0,120,1,0.0,163600.0,0
5942.432531825709,900.5818727541631,0,267500.0,12,1,0.0,25400.0,0
15105.637082787196,1840.1740311213248,1,1001200.0,60,1,0.0,313800.0,0
14790.654063503667,628.6727869759736,1,1000900.0,180,1,0.0,643900.0,0
13115.143533670827,3361.8459698171864,1,275100.0,120,0,0.0,600.0,0
6354.322195679403,41.3409174760346,1,396000.0,360,0,0.0,161800.0,0
11443.690669905394,2139.8066314235643,1,229300.0,240,1,7440.810220090943,20800.0,1
7775.582351040429,1022.1255940500017,1,294100.0,48,1,6235.0696219960355,47100.0,0
3465.3131732261463,572.7556717215415,0,163900.0,60,1,0.0,106100.0,0
16677.017207395882,4208.986623678403,0,433600.0,180,1,0.0,109200.0,1
4189.098094703382,521.7851481086959,1,244200.0,240,1,2775.1062913675914,91800.0,1
17203.79766113284,4262.243609433675,0,317400.0,60,0,0.0,86500.0,0
9136.092367327292,1619.9818911365192,1,247600.0,360,0,6037.243583614483,62700.0,0
